case,mode,sample,cycles
0,0,0,145233
0,1,0,760776
0,2,0,1061189
0,0,1,145233
0,1,1,760776
0,2,1,1061189
0,0,2,145233
0,1,2,760776
0,2,2,1061189
0,0,3,145233
0,1,3,760776
0,2,3,1061189
0,0,4,145233
0,1,4,760776
0,2,4,1061189
0,0,5,145233
0,1,5,760776
0,2,5,1061189
0,0,6,145233
0,1,6,760776
0,2,6,1061189
0,0,7,145233
0,1,7,760776
0,2,7,1061189
0,0,8,145233
0,1,8,760776
0,2,8,1061189
0,0,9,145233
0,1,9,760776
0,2,9,1061189
0,0,10,145233
0,1,10,760776
0,2,10,1061189
0,0,11,145233
0,1,11,760776
0,2,11,1061189
0,0,12,145233
0,1,12,760776
0,2,12,1061189
0,0,13,145233
0,1,13,760776
0,2,13,1061189
0,0,14,145233
0,1,14,760776
0,2,14,1061189
0,0,15,145233
0,1,15,760776
0,2,15,1061189
0,0,16,145233
0,1,16,760776
0,2,16,1061189
0,0,17,145233
0,1,17,760776
0,2,17,1061189
0,0,18,145233
0,1,18,760776
0,2,18,1061189
0,0,19,145233
0,1,19,760776
0,2,19,1061189
0,0,20,145233
0,1,20,760776
0,2,20,1061189
0,0,21,145233
0,1,21,760776
0,2,21,1061189
0,0,22,145233
0,1,22,760776
0,2,22,1061189
0,0,23,145233
0,1,23,760776
0,2,23,1061189
0,0,24,145233
0,1,24,760776
0,2,24,1061189
0,0,25,145233
0,1,25,760776
0,2,25,1061189
0,0,26,145233
0,1,26,760776
0,2,26,1061189
0,0,27,145233
0,1,27,760776
0,2,27,1061189
0,0,28,145233
0,1,28,760776
0,2,28,1061189
0,0,29,145233
0,1,29,760776
0,2,29,1061189
0,0,30,145233
0,1,30,760776
0,2,30,1061189
0,0,31,145233
0,1,31,760776
0,2,31,1061189
0,0,32,145233
0,1,32,760776
0,2,32,1061189
0,0,33,145233
0,1,33,760776
0,2,33,1061189
0,0,34,145233
0,1,34,760776
0,2,34,1061189
0,0,35,145233
0,1,35,760776
0,2,35,1061189
0,0,36,145233
0,1,36,760776
0,2,36,1061189
0,0,37,145233
0,1,37,760776
0,2,37,1061189
0,0,38,145233
0,1,38,760776
0,2,38,1061189
0,0,39,145233
0,1,39,760776
0,2,39,1061189
0,0,40,145233
0,1,40,760776
0,2,40,1061189
0,0,41,145233
0,1,41,760776
0,2,41,1061189
0,0,42,145233
0,1,42,760776
0,2,42,1061189
0,0,43,145233
0,1,43,760776
0,2,43,1061189
0,0,44,145233
0,1,44,760776
0,2,44,1061189
0,0,45,145233
0,1,45,760776
0,2,45,1061189
0,0,46,145233
0,1,46,760776
0,2,46,1061189
0,0,47,145233
0,1,47,760776
0,2,47,1061189
0,0,48,145233
0,1,48,760776
0,2,48,1061189
0,0,49,145233
0,1,49,760776
0,2,49,1061189
0,0,50,145233
0,1,50,760776
0,2,50,1061189
0,0,51,145233
0,1,51,760776
0,2,51,1061189
0,0,52,145233
0,1,52,760776
0,2,52,1061189
0,0,53,145233
0,1,53,760776
0,2,53,1061189
0,0,54,145233
0,1,54,760776
0,2,54,1061189
0,0,55,145233
0,1,55,760776
0,2,55,1061189
0,0,56,145233
0,1,56,760776
0,2,56,1061189
0,0,57,145233
0,1,57,760776
0,2,57,1061189
0,0,58,145233
0,1,58,760776
0,2,58,1061189
0,0,59,145233
0,1,59,760776
0,2,59,1061189
0,0,60,145233
0,1,60,760776
0,2,60,1061189
0,0,61,145233
0,1,61,760776
0,2,61,1061189
0,0,62,145233
0,1,62,760776
0,2,62,1061189
0,0,63,145233
0,1,63,760776
0,2,63,1061189
0,0,64,145233
0,1,64,760776
0,2,64,1061189
0,0,65,145233
0,1,65,760776
0,2,65,1061189
0,0,66,145233
0,1,66,760776
0,2,66,1061189
0,0,67,145233
0,1,67,760776
0,2,67,1061189
0,0,68,145233
0,1,68,760776
0,2,68,1061189
0,0,69,145233
0,1,69,760776
0,2,69,1061189
0,0,70,145233
0,1,70,760776
0,2,70,1061189
0,0,71,145233
0,1,71,760776
0,2,71,1061189
0,0,72,145233
0,1,72,760776
0,2,72,1061189
0,0,73,145233
0,1,73,760776
0,2,73,1061189
0,0,74,145233
0,1,74,760776
0,2,74,1061189
0,0,75,145233
0,1,75,760776
0,2,75,1061189
0,0,76,145233
0,1,76,760776
0,2,76,1061189
0,0,77,145233
0,1,77,760776
0,2,77,1061189
0,0,78,145233
0,1,78,760776
0,2,78,1061189
0,0,79,145233
0,1,79,760776
0,2,79,1061189
0,0,80,145233
0,1,80,760776
0,2,80,1061189
0,0,81,145233
0,1,81,760776
0,2,81,1061189
0,0,82,145233
0,1,82,760776
0,2,82,1061189
0,0,83,145233
0,1,83,760776
0,2,83,1061189
0,0,84,145233
0,1,84,760776
0,2,84,1061189
0,0,85,145233
0,1,85,760776
0,2,85,1061189
0,0,86,145233
0,1,86,760776
0,2,86,1061189
0,0,87,145233
0,1,87,760776
0,2,87,1061189
0,0,88,145233
0,1,88,760776
0,2,88,1061189
0,0,89,145233
0,1,89,760776
0,2,89,1061189
0,0,90,145233
0,1,90,760776
0,2,90,1061189
0,0,91,145233
0,1,91,760776
0,2,91,1061189
0,0,92,145233
0,1,92,760776
0,2,92,1061189
0,0,93,145233
0,1,93,760776
0,2,93,1061189
0,0,94,145233
0,1,94,760776
0,2,94,1061189
0,0,95,145233
0,1,95,760776
0,2,95,1061189
0,0,96,145233
0,1,96,760776
0,2,96,1061189
0,0,97,145233
0,1,97,760776
0,2,97,1061189
0,0,98,145233
0,1,98,760776
0,2,98,1061189
0,0,99,145233
0,1,99,760776
0,2,99,1061189
1,0,0,151871
1,1,0,915488
1,2,0,1300491
1,0,1,151871
1,1,1,915488
1,2,1,1300491
1,0,2,151871
1,1,2,915488
1,2,2,1300491
1,0,3,151871
1,1,3,915488
1,2,3,1300491
1,0,4,151871
1,1,4,915488
1,2,4,1300491
1,0,5,151871
1,1,5,915488
1,2,5,1300491
1,0,6,151871
1,1,6,915488
1,2,6,1300491
1,0,7,151871
1,1,7,915488
1,2,7,1300491
1,0,8,151871
1,1,8,915488
1,2,8,1300491
1,0,9,151871
1,1,9,915488
1,2,9,1300491
1,0,10,151871
1,1,10,915488
1,2,10,1300491
1,0,11,151871
1,1,11,915488
1,2,11,1300491
1,0,12,151871
1,1,12,915488
1,2,12,1300491
1,0,13,151871
1,1,13,915488
1,2,13,1300491
1,0,14,151871
1,1,14,915488
1,2,14,1300491
1,0,15,151871
1,1,15,915488
1,2,15,1300491
1,0,16,151871
1,1,16,915488
1,2,16,1300491
1,0,17,151871
1,1,17,915488
1,2,17,1300491
1,0,18,151871
1,1,18,915488
1,2,18,1300491
1,0,19,151871
1,1,19,915488
1,2,19,1300491
1,0,20,151871
1,1,20,915488
1,2,20,1300491
1,0,21,151871
1,1,21,915488
1,2,21,1300491
1,0,22,151871
1,1,22,915488
1,2,22,1300491
1,0,23,151871
1,1,23,915488
1,2,23,1300491
1,0,24,151871
1,1,24,915488
1,2,24,1300491
1,0,25,151871
1,1,25,915488
1,2,25,1300491
1,0,26,151871
1,1,26,915488
1,2,26,1300491
1,0,27,151871
1,1,27,915488
1,2,27,1300491
1,0,28,151871
1,1,28,915488
1,2,28,1300491
1,0,29,151871
1,1,29,915488
1,2,29,1300491
1,0,30,151871
1,1,30,915488
1,2,30,1300491
1,0,31,151871
1,1,31,915488
1,2,31,1300491
1,0,32,151871
1,1,32,915488
1,2,32,1300491
1,0,33,151871
1,1,33,915488
1,2,33,1300491
1,0,34,151871
1,1,34,915488
1,2,34,1300491
1,0,35,151871
1,1,35,915488
1,2,35,1300491
1,0,36,151871
1,1,36,915488
1,2,36,1300491
1,0,37,151871
1,1,37,915488
1,2,37,1300491
1,0,38,151871
1,1,38,915488
1,2,38,1300491
1,0,39,151871
1,1,39,915488
1,2,39,1300491
1,0,40,151871
1,1,40,915488
1,2,40,1300491
1,0,41,151871
1,1,41,915488
1,2,41,1300491
1,0,42,151871
1,1,42,915488
1,2,42,1300491
1,0,43,151871
1,1,43,915488
1,2,43,1300491
1,0,44,151871
1,1,44,915488
1,2,44,1300491
1,0,45,151871
1,1,45,915488
1,2,45,1300491
1,0,46,151871
1,1,46,915488
1,2,46,1300491
1,0,47,151871
1,1,47,915488
1,2,47,1300491
1,0,48,151871
1,1,48,915488
1,2,48,1300491
1,0,49,151871
1,1,49,915488
1,2,49,1300491
1,0,50,151871
1,1,50,915488
1,2,50,1300491
1,0,51,151871
1,1,51,915488
1,2,51,1300491
1,0,52,151871
1,1,52,915488
1,2,52,1300491
1,0,53,151871
1,1,53,915488
1,2,53,1300491
1,0,54,151871
1,1,54,915488
1,2,54,1300491
1,0,55,151871
1,1,55,915488
1,2,55,1300491
1,0,56,151871
1,1,56,915488
1,2,56,1300491
1,0,57,151871
1,1,57,915488
1,2,57,1300491
1,0,58,151871
1,1,58,915488
1,2,58,1300491
1,0,59,151871
1,1,59,915488
1,2,59,1300491
1,0,60,151871
1,1,60,915488
1,2,60,1300491
1,0,61,151871
1,1,61,915488
1,2,61,1300491
1,0,62,151871
1,1,62,915488
1,2,62,1300491
1,0,63,151871
1,1,63,915488
1,2,63,1300491
1,0,64,151871
1,1,64,915488
1,2,64,1300491
1,0,65,151871
1,1,65,915488
1,2,65,1300491
1,0,66,151871
1,1,66,915488
1,2,66,1300491
1,0,67,151871
1,1,67,915488
1,2,67,1300491
1,0,68,151871
1,1,68,915488
1,2,68,1300491
1,0,69,151871
1,1,69,915488
1,2,69,1300491
1,0,70,151871
1,1,70,915488
1,2,70,1300491
1,0,71,151871
1,1,71,915488
1,2,71,1300491
1,0,72,151871
1,1,72,915488
1,2,72,1300491
1,0,73,151871
1,1,73,915488
1,2,73,1300491
1,0,74,151871
1,1,74,915488
1,2,74,1300491
1,0,75,151871
1,1,75,915488
1,2,75,1300491
1,0,76,151871
1,1,76,915488
1,2,76,1300491
1,0,77,151871
1,1,77,915488
1,2,77,1300491
1,0,78,151871
1,1,78,915488
1,2,78,1300491
1,0,79,151871
1,1,79,915488
1,2,79,1300491
1,0,80,151871
1,1,80,915488
1,2,80,1300491
1,0,81,151871
1,1,81,915488
1,2,81,1300491
1,0,82,151871
1,1,82,915488
1,2,82,1300491
1,0,83,151871
1,1,83,915488
1,2,83,1300491
1,0,84,151871
1,1,84,915488
1,2,84,1300491
1,0,85,151871
1,1,85,915488
1,2,85,1300491
1,0,86,151871
1,1,86,915488
1,2,86,1300491
1,0,87,151871
1,1,87,915488
1,2,87,1300491
1,0,88,151871
1,1,88,915488
1,2,88,1300491
1,0,89,151871
1,1,89,915488
1,2,89,1300491
1,0,90,151871
1,1,90,915488
1,2,90,1300491
1,0,91,151871
1,1,91,915488
1,2,91,1300491
1,0,92,151871
1,1,92,915488
1,2,92,1300491
1,0,93,151871
1,1,93,915488
1,2,93,1300491
1,0,94,151871
1,1,94,915488
1,2,94,1300491
1,0,95,151871
1,1,95,915488
1,2,95,1300491
1,0,96,151871
1,1,96,915488
1,2,96,1300491
1,0,97,151871
1,1,97,915488
1,2,97,1300491
1,0,98,151871
1,1,98,915488
1,2,98,1300491
1,0,99,151871
1,1,99,915488
1,2,99,1300491
2,0,0,71502
2,1,0,834973
2,2,0,1225433
2,0,1,71502
2,1,1,834973
2,2,1,1225433
2,0,2,71502
2,1,2,834973
2,2,2,1225433
2,0,3,71502
2,1,3,834973
2,2,3,1225433
2,0,4,71502
2,1,4,834973
2,2,4,1225433
2,0,5,71502
2,1,5,834973
2,2,5,1225433
2,0,6,71502
2,1,6,834973
2,2,6,1225433
2,0,7,71502
2,1,7,834973
2,2,7,1225433
2,0,8,71502
2,1,8,834973
2,2,8,1225433
2,0,9,71502
2,1,9,834973
2,2,9,1225433
2,0,10,71502
2,1,10,834973
2,2,10,1225433
2,0,11,71502
2,1,11,834973
2,2,11,1225433
2,0,12,71502
2,1,12,834973
2,2,12,1225433
2,0,13,71502
2,1,13,834973
2,2,13,1225433
2,0,14,71502
2,1,14,834973
2,2,14,1225433
2,0,15,71502
2,1,15,834973
2,2,15,1225433
2,0,16,71502
2,1,16,834973
2,2,16,1225433
2,0,17,71502
2,1,17,834973
2,2,17,1225433
2,0,18,71502
2,1,18,834973
2,2,18,1225433
2,0,19,71502
2,1,19,834973
2,2,19,1225433
2,0,20,71502
2,1,20,834973
2,2,20,1225433
2,0,21,71502
2,1,21,834973
2,2,21,1225433
2,0,22,71502
2,1,22,834973
2,2,22,1225433
2,0,23,71502
2,1,23,834973
2,2,23,1225433
2,0,24,71502
2,1,24,834973
2,2,24,1225433
2,0,25,71502
2,1,25,834973
2,2,25,1225433
2,0,26,71502
2,1,26,834973
2,2,26,1225433
2,0,27,71502
2,1,27,834973
2,2,27,1225433
2,0,28,71502
2,1,28,834973
2,2,28,1225433
2,0,29,71502
2,1,29,834973
2,2,29,1225433
2,0,30,71502
2,1,30,834973
2,2,30,1225433
2,0,31,71502
2,1,31,834973
2,2,31,1225433
2,0,32,71502
2,1,32,834973
2,2,32,1225433
2,0,33,71502
2,1,33,834973
2,2,33,1225433
2,0,34,71502
2,1,34,834973
2,2,34,1225433
2,0,35,71502
2,1,35,834973
2,2,35,1225433
2,0,36,71502
2,1,36,834973
2,2,36,1225433
2,0,37,71502
2,1,37,834973
2,2,37,1225433
2,0,38,71502
2,1,38,834973
2,2,38,1225433
2,0,39,71502
2,1,39,834973
2,2,39,1225433
2,0,40,71502
2,1,40,834973
2,2,40,1225433
2,0,41,71502
2,1,41,834973
2,2,41,1225433
2,0,42,71502
2,1,42,834973
2,2,42,1225433
2,0,43,71502
2,1,43,834973
2,2,43,1225433
2,0,44,71502
2,1,44,834973
2,2,44,1225433
2,0,45,71502
2,1,45,834973
2,2,45,1225433
2,0,46,71502
2,1,46,834973
2,2,46,1225433
2,0,47,71502
2,1,47,834973
2,2,47,1225433
2,0,48,71502
2,1,48,834973
2,2,48,1225433
2,0,49,71502
2,1,49,834973
2,2,49,1225433
2,0,50,71502
2,1,50,834973
2,2,50,1225433
2,0,51,71502
2,1,51,834973
2,2,51,1225433
2,0,52,71502
2,1,52,834973
2,2,52,1225433
2,0,53,71502
2,1,53,834973
2,2,53,1225433
2,0,54,71502
2,1,54,834973
2,2,54,1225433
2,0,55,71502
2,1,55,834973
2,2,55,1225433
2,0,56,71502
2,1,56,834973
2,2,56,1225433
2,0,57,71502
2,1,57,834973
2,2,57,1225433
2,0,58,71502
2,1,58,834973
2,2,58,1225433
2,0,59,71502
2,1,59,834973
2,2,59,1225433
2,0,60,71502
2,1,60,834973
2,2,60,1225433
2,0,61,71502
2,1,61,834973
2,2,61,1225433
2,0,62,71502
2,1,62,834973
2,2,62,1225433
2,0,63,71502
2,1,63,834973
2,2,63,1225433
2,0,64,71502
2,1,64,834973
2,2,64,1225433
2,0,65,71502
2,1,65,834973
2,2,65,1225433
2,0,66,71502
2,1,66,834973
2,2,66,1225433
2,0,67,71502
2,1,67,834973
2,2,67,1225433
2,0,68,71502
2,1,68,834973
2,2,68,1225433
2,0,69,71502
2,1,69,834973
2,2,69,1225433
2,0,70,71502
2,1,70,834973
2,2,70,1225433
2,0,71,71502
2,1,71,834973
2,2,71,1225433
2,0,72,71502
2,1,72,834973
2,2,72,1225433
2,0,73,71502
2,1,73,834973
2,2,73,1225433
2,0,74,71502
2,1,74,834973
2,2,74,1225433
2,0,75,71502
2,1,75,834973
2,2,75,1225433
2,0,76,71502
2,1,76,834973
2,2,76,1225433
2,0,77,71502
2,1,77,834973
2,2,77,1225433
2,0,78,71502
2,1,78,834973
2,2,78,1225433
2,0,79,71502
2,1,79,834973
2,2,79,1225433
2,0,80,71502
2,1,80,834973
2,2,80,1225433
2,0,81,71502
2,1,81,834973
2,2,81,1225433
2,0,82,71502
2,1,82,834973
2,2,82,1225433
2,0,83,71502
2,1,83,834973
2,2,83,1225433
2,0,84,71502
2,1,84,834973
2,2,84,1225433
2,0,85,71502
2,1,85,834973
2,2,85,1225433
2,0,86,71502
2,1,86,834973
2,2,86,1225433
2,0,87,71502
2,1,87,834973
2,2,87,1225433
2,0,88,71502
2,1,88,834973
2,2,88,1225433
2,0,89,71502
2,1,89,834973
2,2,89,1225433
2,0,90,71502
2,1,90,834973
2,2,90,1225433
2,0,91,71502
2,1,91,834973
2,2,91,1225433
2,0,92,71502
2,1,92,834973
2,2,92,1225433
2,0,93,71502
2,1,93,834973
2,2,93,1225433
2,0,94,71502
2,1,94,834973
2,2,94,1225433
2,0,95,71502
2,1,95,834973
2,2,95,1225433
2,0,96,71502
2,1,96,834973
2,2,96,1225433
2,0,97,71502
2,1,97,834973
2,2,97,1225433
2,0,98,71502
2,1,98,834973
2,2,98,1225433
2,0,99,71502
2,1,99,834973
2,2,99,1225433
