frame	player_map	world_map	world_x	world_y	actors	slot	sprite	object_map	grid_x	grid_y	screen_x	screen_y	rendered
0	42	42	9	74	1	2	7	42	9	75	128	-20	True
1	42	42	9	74	1	2	7	42	9	75	128	-19	True
2	42	42	9	74	1	2	7	42	9	75	128	-18	True
3	42	42	9	74	1	2	7	42	9	75	128	-17	True
4	42	42	9	74	1	2	7	42	9	75	128	-16	True
5	42	42	9	74	1	2	7	42	9	75	128	-15	True
6	42	42	9	74	1	2	7	42	9	75	128	-14	True
7	42	42	9	74	1	2	7	42	9	75	128	-13	True
8	42	42	9	74	1	2	7	42	9	75	128	-12	True
9	42	42	9	74	1	2	7	42	9	75	128	-11	True
10	42	42	9	74	1	2	7	42	9	75	128	-10	True
11	42	42	9	74	1	2	7	42	9	75	128	-9	True
12	42	42	9	74	1	2	7	42	9	75	128	-8	True
13	42	42	9	75	1	2	7	42	9	76	128	-7	True
14	42	42	9	75	1	2	7	42	9	76	128	-6	True
15	42	42	9	75	1	2	7	42	9	76	128	-5	True
16	42	42	9	75	1	2	7	42	9	76	128	-4	True
17	42	42	9	75	1	2	7	42	9	76	128	-3	True
18	42	42	9	75	1	2	7	42	9	76	128	-2	True
19	42	42	9	75	1	2	7	42	9	76	128	-1	True
20	42	42	9	75	1	2	7	42	9	76	128	0	True
21	42	42	9	75	1	2	7	42	9	76	128	1	True
22	42	42	9	75	1	2	7	42	9	76	128	2	True
23	42	42	9	75	1	2	7	42	9	76	128	3	True
24	32	42	9	75	1	2	7	42	9	76	128	4	True
25	32	42	9	75	1	2	7	42	9	76	128	4	True
26	32	42	9	75	1	2	7	42	9	76	128	4	True
27	32	42	9	75	1	2	7	42	9	76	128	4	True
28	32	42	9	75	1	2	7	42	25	-4	128	4	True
29	32	42	9	75	1	2	7	42	25	-4	128	4	True
30	32	42	9	75	1	2	7	42	25	-4	128	3	True
31	32	42	9	75	1	2	7	32	25	-4	128	3	True
32	32	42	9	75	1	2	7	32	25	-4	128	3	True
33	32	42	9	75	1	2	7	32	25	-4	128	3	True
34	32	42	9	75	1	2	7	32	25	-4	128	3	True
35	32	42	9	77	1	2	7	32	25	-3	128	3	True
36	32	42	9	77	1	2	7	32	25	-3	128	3	True
37	32	42	9	77	1	2	7	32	25	-3	128	3	True
38	32	42	9	77	1	2	7	32	25	-3	128	3	True
39	32	42	9	77	1	2	7	32	25	-3	128	3	True
40	32	42	9	77	1	2	7	32	25	-3	128	3	True
41	32	42	9	77	1	2	7	32	25	-3	128	3	True
42	32	42	9	77	1	2	7	32	25	-3	128	3	True
43	32	42	9	77	1	2	7	32	25	-3	128	3	True
44	32	42	9	77	1	2	7	32	25	-3	128	3	True
45	32	42	9	77	1	2	7	32	25	-3	128	3	True
46	32	42	9	77	1	2	7	32	25	-3	128	4	True
47	32	42	9	77	1	2	7	32	25	-3	128	5	True
48	32	42	9	77	1	2	7	32	25	-3	128	6	True
49	32	42	9	77	1	2	7	32	25	-3	128	7	True
50	32	42	9	77	1	2	7	32	25	-3	128	8	True
51	32	42	9	78	1	2	7	32	25	-2	128	9	True
52	32	42	9	78	1	2	7	32	25	-2	128	10	True
53	32	42	9	78	1	2	7	32	25	-2	128	11	True
54	32	42	9	78	1	2	7	32	25	-2	128	12	True
55	32	42	9	78	1	2	7	32	25	-2	128	13	True
56	32	42	9	78	1	2	7	32	25	-2	128	14	True
57	32	42	9	78	1	2	7	32	25	-2	128	15	True
58	32	42	9	78	1	2	7	32	25	-2	128	16	True
59	32	42	9	78	1	2	7	32	25	-2	128	17	True
60	32	42	9	78	1	2	7	32	25	-2	128	18	True
61	32	42	9	78	1	2	7	32	25	-2	128	18	True
62	32	42	9	78	1	2	7	32	25	-2	128	19	True
63	32	42	9	78	1	2	7	32	25	-2	128	20	True
64	32	42	9	78	1	2	7	32	25	-2	128	21	True
65	32	42	9	78	1	2	7	32	25	-2	128	22	True
66	32	42	9	78	1	2	7	32	25	-2	128	23	True
67	32	42	9	78	1	2	7	32	25	-2	128	24	True
68	32	42	9	79	1	2	7	32	25	-1	128	25	True
69	32	42	9	79	1	2	7	32	25	-1	128	26	True
70	32	42	9	79	1	2	7	32	25	-1	128	27	True
71	32	42	9	79	1	2	7	32	25	-1	128	28	True
72	32	42	9	79	1	2	7	32	25	-1	128	29	True
73	32	42	9	79	1	2	7	32	25	-1	128	30	True
74	32	42	9	79	1	2	7	32	25	-1	128	31	True
75	32	42	9	79	1	2	7	32	25	-1	128	32	True
76	32	42	9	79	1	2	7	32	25	-1	128	33	True
77	32	42	9	79	1	2	7	32	25	-1	128	34	True
78	32	42	9	79	1	2	7	32	25	-1	128	35	True
79	32	42	9	79	1	2	7	32	25	-1	128	36	True
80	32	42	9	79	1	2	7	32	25	-1	128	37	True
81	32	42	9	79	1	2	7	32	25	-1	128	38	True
82	32	42	9	79	1	2	7	32	25	-1	128	39	True
83	32	42	9	79	1	2	7	32	25	-1	128	40	True
84	32	32	25	0	1	2	7	32	25	0	128	41	True
85	32	32	25	0	1	2	7	32	25	0	128	42	True
86	32	32	25	0	1	2	7	32	25	0	128	43	True
87	32	32	25	0	1	2	7	32	25	0	128	44	True
88	32	32	25	0	1	2	7	32	25	0	128	45	True
89	32	32	25	0	1	2	7	32	25	0	128	46	True
90	32	32	25	0	1	2	7	32	25	0	128	47	True
91	32	32	25	0	1	2	7	32	25	0	128	48	True
92	32	32	25	0	1	2	7	32	25	0	128	49	True
93	32	32	25	0	1	2	7	32	25	0	128	50	True
94	32	32	25	0	1	2	7	32	25	0	128	51	True
95	32	32	25	0	1	2	7	32	25	0	128	52	True
96	32	32	25	0	1	2	7	32	25	0	128	53	True
97	32	32	25	0	1	2	7	32	25	0	128	54	True
98	32	32	25	0	1	2	7	32	25	0	128	55	True
99	32	32	25	0	1	2	7	32	25	0	128	56	True
100	32	32	25	0	1	2	7	32	25	0	128	56	True
101	32	32	25	0	1	2	7	32	25	0	128	56	True
102	32	32	25	0	1	2	7	32	25	0	128	56	True
103	32	32	25	0	1	2	7	32	25	0	128	56	True
104	32	32	25	0	1	2	7	32	25	0	128	56	True
105	32	32	25	0	1	2	7	32	25	0	128	56	True
106	32	32	25	0	1	2	7	32	25	0	128	56	True
107	32	32	25	0	1	2	7	32	25	0	128	56	True
108	32	32	25	0	1	2	7	32	25	0	128	56	True
109	32	32	25	0	1	2	7	32	25	0	128	56	True
110	32	32	25	0	1	2	7	32	25	0	128	56	True
111	32	32	25	0	1	2	7	32	25	0	128	56	True
112	32	32	25	0	1	2	7	32	25	0	128	56	True
113	32	32	25	0	1	2	7	32	25	0	128	56	True
