frame	map	world_x	world_y	goal	dwell	actor_x	actor_y	facing	visible	phase	searches	search_nodes	search_frames
0	3072	6	5	14	79	6	5	3	True	3	4	13	3
10	3072	6	5	14	74	6	5	3	True	3	4	13	3
20	3072	6	5	14	69	6	5	3	True	3	4	13	3
30	3072	6	5	14	64	6	5	3	True	3	4	13	3
40	3072	6	5	14	59	6	5	3	True	3	4	13	3
50	3072	6	5	14	54	6	5	3	True	3	4	13	3
60	3072	6	5	14	49	6	5	3	True	3	4	13	3
70	3072	6	5	14	44	6	5	3	True	3	4	13	3
80	3072	6	5	14	39	6	5	3	True	3	4	13	3
90	3072	6	5	14	34	6	5	3	True	3	4	13	3
100	3072	6	5	14	29	6	5	3	True	3	4	13	3
110	3072	6	5	14	24	6	5	3	True	3	4	13	3
120	3072	6	5	14	19	6	5	3	True	3	4	13	3
130	3072	6	5	14	14	6	5	3	True	3	4	13	3
131	3072	6	5	14	14	6	5	3	True	3	4	13	3
132	3072	6	5	14	13	6	5	3	True	3	4	13	3
133	3072	6	5	14	13	6	5	3	True	3	4	13	3
134	3072	6	5	14	12	6	5	3	True	3	4	13	3
135	3072	6	5	14	12	6	5	3	True	3	4	13	3
136	3072	6	5	14	11	6	5	3	True	3	4	13	3
137	3072	6	5	14	11	6	5	3	True	3	4	13	3
138	3072	6	5	14	10	6	5	3	True	3	4	13	3
139	3072	6	5	14	10	6	5	3	True	3	4	13	3
140	3072	6	5	14	9	6	5	3	True	3	4	13	3
141	3072	6	5	14	9	6	5	3	True	3	4	13	3
142	3072	6	5	14	8	6	5	3	True	3	4	13	3
143	3072	6	5	14	8	6	5	3	True	3	4	13	3
144	3072	6	5	14	7	6	5	3	True	3	4	13	3
145	3072	6	5	14	7	6	5	3	True	3	4	13	3
146	3072	6	5	14	6	6	5	3	True	3	4	13	3
147	3072	6	5	14	6	6	5	3	True	3	4	13	3
148	3072	6	5	14	5	6	5	3	True	3	4	13	3
149	3072	6	5	14	5	6	5	3	True	3	4	13	3
150	3072	6	5	14	4	6	5	3	True	3	4	13	3
151	3072	6	5	14	4	6	5	3	True	3	4	13	3
152	3072	6	5	14	3	6	5	3	True	3	4	13	3
153	3072	6	5	14	3	6	5	3	True	3	4	13	3
154	3072	6	5	14	2	6	5	3	True	3	4	13	3
155	3072	6	5	14	2	6	5	3	True	3	4	13	3
156	3072	6	5	14	1	6	5	3	True	3	4	13	3
157	3072	6	5	14	1	6	5	3	True	3	4	13	3
158	3072	6	5	14	0	6	5	3	True	3	4	13	3
159	3072	6	5	14	0	6	5	1	True	3	4	13	3
160	3072	6	5	15	0	6	5	1	True	1	4	13	3
161	3072	6	5	15	0	6	5	1	True	1	5	0	0
162	3072	6	5	15	0	6	5	1	True	1	5	7	0
163	3072	6	5	15	0	6	5	1	True	1	5	8	3
164	3072	6	5	15	0	6	5	1	True	2	5	13	4
165	3072	6	5	15	0	6	6	1	True	2	5	13	4
166	3072	6	5	15	0	6	6	1	True	2	5	13	4
167	3072	6	5	15	0	6	6	1	True	2	5	13	4
168	3072	6	5	15	0	6	6	1	True	2	5	13	4
169	3072	6	5	15	0	6	6	1	True	2	5	13	4
170	3072	6	5	15	0	6	6	1	True	2	5	13	4
171	3072	6	5	15	0	6	6	1	True	2	5	13	4
172	3072	6	5	15	0	6	6	1	True	2	5	13	4
173	3072	6	5	15	0	6	6	1	True	2	5	13	4
174	3072	6	5	15	0	6	6	1	True	2	5	13	4
175	3072	6	5	15	0	6	6	1	True	2	5	13	4
176	3072	6	5	15	0	6	6	1	True	2	5	13	4
177	3072	6	5	15	0	6	6	1	True	2	5	13	4
178	3072	6	5	15	0	6	6	1	True	2	5	13	4
179	3072	6	5	15	0	6	6	1	True	2	5	13	4
180	3072	6	5	15	0	6	6	1	True	2	5	13	4
181	3072	6	6	15	0	6	7	1	True	2	5	13	4
182	3072	6	6	15	0	6	7	1	True	2	5	13	4
183	3072	6	6	15	0	6	7	1	True	2	5	13	4
184	3072	6	6	15	0	6	7	1	True	2	5	13	4
185	3072	6	6	15	0	6	7	1	True	2	5	13	4
186	3072	6	6	15	0	6	7	1	True	2	5	13	4
187	3072	6	6	15	0	6	7	1	True	2	5	13	4
188	3072	6	6	15	0	6	7	1	True	2	5	13	4
189	3072	6	6	15	0	6	7	1	True	2	5	13	4
190	3072	6	6	15	0	6	7	1	True	2	5	13	4
191	3072	6	6	15	0	6	7	1	True	2	5	13	4
192	3072	6	6	15	0	6	7	1	True	2	5	13	4
193	3072	6	6	15	0	6	7	1	True	2	5	13	4
194	3072	6	6	15	0	6	7	1	True	2	5	13	4
195	3072	6	6	15	0	6	7	1	True	2	5	13	4
196	3072	6	6	15	0	6	7	1	True	2	5	13	4
197	3072	6	7	15	0	7	7	4	True	2	5	13	4
198	3072	6	7	15	0	7	7	4	True	2	5	13	4
199	3072	6	7	15	0	7	7	4	True	2	5	13	4
200	3072	6	7	15	0	7	7	4	True	2	5	13	4
201	3072	6	7	15	0	7	7	4	True	2	5	13	4
202	3072	6	7	15	0	7	7	4	True	2	5	13	4
203	3072	6	7	15	0	7	7	4	True	2	5	13	4
204	3072	6	7	15	0	7	7	4	True	2	5	13	4
205	3072	6	7	15	0	7	7	4	True	2	5	13	4
206	3072	6	7	15	0	7	7	4	True	2	5	13	4
207	3072	6	7	15	0	7	7	4	True	2	5	13	4
208	3072	6	7	15	0	7	7	4	True	2	5	13	4
209	3072	6	7	15	0	7	7	4	True	2	5	13	4
210	3072	6	7	15	0	7	7	4	True	2	5	13	4
211	3072	6	7	15	0	7	7	4	True	2	5	13	4
212	3072	6	7	15	0	7	7	4	True	2	5	13	4
213	3072	7	7	15	0	7	8	1	True	2	5	13	4
214	3072	7	7	15	0	7	8	1	True	2	5	13	4
215	3072	7	7	15	0	7	8	1	True	2	5	13	4
216	3072	7	7	15	0	7	8	1	True	2	5	13	4
217	3072	7	7	15	0	7	8	1	True	2	5	13	4
218	3072	7	7	15	0	7	8	1	True	2	5	13	4
219	3072	7	7	15	0	7	8	1	True	2	5	13	4
220	3072	7	7	15	0	7	8	1	True	2	5	13	4
221	3072	7	7	15	0	7	8	1	True	2	5	13	4
222	3072	7	7	15	0	7	8	1	True	2	5	13	4
223	3072	7	7	15	0	7	8	1	True	2	5	13	4
224	3072	7	7	15	0	7	8	1	True	2	5	13	4
225	3072	7	7	15	0	7	8	1	True	2	5	13	4
226	3072	7	7	15	0	7	8	1	True	2	5	13	4
227	3072	7	7	15	0	7	8	1	True	2	5	13	4
228	3072	7	7	15	0	7	8	1	True	2	5	13	4
229	32	31	37	15	0					0	5	13	4
