held_frames	map	x	y	visible	goal	phase	searches
0	3073	5	5	True	17	1	8
10	3073	5	5	True	17	1	8
20	3073	5	5	True	17	1	8
30	3073	5	5	True	17	1	8
40	3073	5	5	True	17	1	9
50	3073	5	5	True	17	1	9
60	3073	5	5	True	17	1	9
70	3073	5	5	True	17	1	9
80	3073	5	5	True	17	1	10
90	3073	5	5	True	17	1	10
100	3073	5	5	True	17	1	10
110	3073	5	5	True	17	1	10
120	3073	5	5	True	17	1	11
130	3073	5	5	True	17	1	11
140	3073	5	5	True	17	1	11
150	3073	5	5	True	17	1	11
160	3073	5	5	True	17	1	12
170	3073	5	5	True	17	1	12
180	3073	5	5	True	17	1	12
190	3073	5	5	True	17	1	12
200	3073	5	5	True	17	1	13
210	3073	5	5	True	17	1	13
220	3073	5	5	True	17	1	13
230	3073	5	5	True	17	1	13
240	3073	5	5	True	17	1	14
250	3073	5	5	True	17	1	14
260	3073	5	5	True	17	1	14
270	3073	5	5	True	17	1	15
280	3073	5	5	True	17	1	15
290	3073	5	5	True	17	1	15
300	3073	5	5	True	17	1	15
310	3073	5	5	True	17	1	16
320	3073	5	5	True	17	1	16
330	3073	5	5	True	17	1	16
340	3073	5	5	True	17	1	16
350	3073	5	5	True	17	1	17
360	3073	5	5	True	17	1	17
